surname,ppm,name,nick
王,74861.812,艾,???̷̷
李,73703.206,艾琳,???虚无主义贩卖机???
张,70329.155,安,??忒修斯之船??
刘,53055.914,安澜,?ꂢ?2
陈,45548.372,安琪,__亡骸__
杨,33688.565,安若,꧁腐草为萤꧂
黄,23483.327,安雅,∅静寂の冥界∅
赵,21113.106,昂,∅空∅
吴,19989.623,昂诗,∫知逝の春解
周,19626.411,昂逸,▽罪渊
徐,14972.404,傲,✦偷月贼✦
孙,14554.849,傲岚,404NotStudent
朱,13210.492,傲雪,Aaaa
马,13077.408,傲云,Aʚ
胡,12035.321,白,Ahappy小红帽儿R
郭,11499.941,白薇,Ahri
何,10736.96,白榆,Ai
高,10428.904,白宇,Aimee🍒
罗,9862.225,白雨,Akari樱花美丽物语
林,9824.296,柏川,Akira
郑,9118.702,柏琪,Aki酱
梁,8389.315,柏然,Almond甜心
谢,7467.385,柏瑶,Alva
宋,7318.869,柏宇,Amber星子落入河流
唐,7149.594,琲,Ambry
韩,6425.718,蓓,Amethyst_Violetの小宇宙
许,6402.98,蓓曦,Amy
冯,6339.533,本恩,An
邓,6240.006,彼安,Angelica
曹,6198.571,碧桐,Angel呆毛独角兽
彭,5899.668,碧萱,Angel酱
曾,5652.772,碧瑶,Angel心事（屿）
肖,5452.864,碧云,Anime💖天使
田,5428.504,碧芸,AoiUnderworld
董,5335.451,彬,Aoi花与风
袁,5207.486,斌然,Apple
于,5143.413,斌哲,Apple小丸子
潘,5115.349,冰,Archer·霜月
蒋,4932.538,冰清,Aria
杜,4855.193,冰然,Aria💫蜜糖
蔡,4851.258,冰弦,Artist_Cloud少女诗篇
余,4806.695,冰萱,Arwen🌙
程,4696.939,冰燕,AshenVoid
魏,4639.76,冰瑶,Asuna的星光湖
叶,4609.444,冰宜,Aurora
吕,4519.109,冰韵,Aurora追光者
丁,4513.478,博,Ava
苏,4494.348,博文,Avalon居多梦
任,4334.552,博远,Azure梦境飞行
沈,4241.773,采薇,A梦漫游
姚,4175.174,彩萱,A摸鱼冠军
姜,4143.641,沧朔,B
卢,4067.849,策,Belle
崔,4026.081,岑,Berry迷梦ζ
钟,3945.105,澈,Berry泡泡星_✨
谭,3797.039,琛,Bi
汪,3783.961,琛雅,Biu.
范,3759.128,辰安,Blade_
陆,3713.682,沉月,Blanc
金,3687.132,宸,Bling-bling的银河汽水
石,3539.389,宸溯,Blingbling小确幸
廖,3482.725,宸逸,Bling晴天
贾,3464.529,晨,Bloom幻境ψ
夏,3332.97,晨曦,Bluemosh*月夜结晶~
付,3275.436,晨雨,Blue星梦
方,3167.792,呈宇,Blue星璇ξ
韦,3130.176,诚安,BlushingHalo
邹,3060.517,澄澈,Bly
白,3036.381,澄妍,Book思议的梦
熊,3015.745,澄月,Book星探
孟,2995.23,驰云,Bournvita.girl°浅忆
秦,2981.131,初冉,Bubble糖罐
邱,2753.278,初瑶,Bug加糖
尹,2705.839,楚,Bunny糖
江,2690.387,楚寒,B格满满
薛,2662.707,楚然,B小调的云朵发卡
闫,2604.156,楚瑶,C
侯,2583.28,楚鸢,Cafe蜜语
段,2518.832,川,Candy_梦幻星辰之旅
雷,2468.804,翠薇,Candy甜心Y
史,2227.621,翠雯,Candy星辰
龙,2225.988,代青,Carefree雨天
陶,2201.317,黛琳,Cat眯眼欧
顾,2155.236,黛宁,Cat在逃小怪兽
贺,2148.482,黛汐,Cecilia_Sunlight
黎,2118.345,丹晨,ChasingCrescents
郝,2094.775,丹琳,Cherish_晨曦微光梦
毛,2081.118,丹妮,Cherish甜瓜
邵,2059.744,丹宁,Cherry
龚,2058.488,丹若,Cherry小软萌
万,2005.669,丹彤,Chris
钱,1933.043,丹雅,Ciara
武,1896.395,丹妤,Cici小阔K
严,1896.263,德慧,Cinderella
戴,1865.331,迪,CinnamoonCurls
孔,1801.026,笛云,Cipher°
向,1786.06,典雅,CitrusCascade
覃,1750.845,冬临,Cloud
常,1740.668,冬玥,Cloud_蓝空
汤,1736.418,端肃,CloudyJoker
莫,1681.971,朵儿,Cloud流光
康,1637.876,凡瑶,Coco
文,1607.884,梵萱,Cocoa
温,1603.642,芳菲,Coconut茶
牛,1593.431,芳华,Cold
代,1592.646,芳雅,Cool猫
赖,1585.629,芳雨,Cosy兔
洪,1549.834,芳语,Crow
葛,1524.755,飞雨,Crush_追光少年
施,1520.718,菲,Crystal梦境游
邢,1496.389,菲桐,Crystal喵
安,1465.021,菲雪,Cute兔儿
樊,1410.987,菲雅,Cute小萌喵
齐,1388.855,绯澜,Cyber✨
乔,1361.608,霏宁,CyberPunk
易,1351.516,霏影,C位摆烂艺术家
庞,1308.958,霏羽,C位少女
倪,1266.137,斐,Daisy的梦
伍,1265.796,芬,Daisy碗
鲁,1252.912,芬雅,Daisy小帆
聂,1243.742,枫,Daisy星夏
章,1198.388,枫然,Dance猫a
岳,1182.23,枫瑶,Dancing stars▲
颜,1177.755,芙,Dancing小雪R
殷,1161.985,芙瑾,Dawn云影
翟,1155.034,芙澜,Doge
申,1149.509,芙宁,Dog小Jump
耿,1089.569,芙清,Doki布丁A
欧,1071.922,芙蕤,Dope
庄,1051.973,芙瑶,Dragon少年
左,1048.002,芙语,Dreamer
焦,1046.753,馥,Dream小爱
兰,1046.56,戈然,Dual
关,1032.544,歌柔,Dusk花菲
俞,1010.636,歌薇,D调文艺Y
柳,1001.363,歌欣,D调小甜O
甘,959.1,歌絮,D调旋律
祝,939.493,歌妍,D酷风
傅,920.077,歌瑶,D星月
包,870.886,格,Eagle星
尚,863.382,庚言,Eagle追影
毕,853.73,谷澜,Echo
舒,841.747,谷若,EchoingPast
宁,834.177,谷心,EchoStar
曲,817.316,谷雨,Echo追云Z
梅,816.238,观云,Eclipsia
童,801.989,冠宇,Eirene
阮,799.639,光霆,Elara
纪,797.569,桂芬,Elf在仙境
季,797.008,桂华,Elly波
苗,790.178,桂兰,EternalPanda
单,789.961,晗,Etherea7
裴,788.441,晗澜,Ethereal雪
符,780.977,晗月,Eva
谷,780.258,涵,Eva软糖c
凌,779.94,涵蕾,Eve✨涵
成,771.567,涵雅,Extra_晴朗
霍,771.22,涵嫣,Ezo_r
盛,768.985,昊然,E梦星辰
詹,759.371,浩洁,E糖酥A
冉,758.015,荷雨,E星Pilot
路,747.388,鹤鸣,E星辉织梦Z
骆,731.166,鹤遥,Fairy☄️
辛,722.252,宏哲,FairyHouse
靳,721.879,泓月,Fancy🌙
柯,719.728,慧,Fantasy泡泡
涂,715.447,慧琳,Fay
蓝,691.974,慧敏,Felix🐱
欧阳,683.682,慧宁,Fish星
柴,677.561,慧文,Flame
管,676.089,慧雯,Flora의Tale
翁,667.074,慧娴,FlyT
祁,648.516,慧雅,Fo
鲍,645.513,蕙兰,Foxtrail🌙
喻,633.917,霁,Foxy
游,619.739,佳,Frosia✨
蒙,614.211,佳涵,Frosty
华,601.625,佳琪,Frost🍀
蒲,595.278,佳怡,Fy
房,577.126,佳音,Giant Panda
滕,576.862,家澜,Glimmer黯
屈,572.001,嘉文,Glitch
饶,560.264,健睿,GreenSky
解,557.22,江云,Gump
艾,554.66,杰,G星夜海
牟,553.22,洁,Hannah_Pop
候,534.6,洁雅,Happiness快乐每一天
时,524.503,洁音,Happy小齿轮
尤,511.62,锦澜,Haru
阳,507.941,锦欣,Hazel🌸
穆,504.406,瑾,Hentaiの物理课代表
司,467.902,瑾熙,Hey_你听见心跳声了吗
吉,456.18,瑾萱,Hikari之翼
车,452.156,瑾瑜,Hi小星球Q
项,445.25,槿,Home趴体上最闪亮的仔
缪,442.061,晶,Huai蛋联盟主席
芦,438.695,景辰,H的灵感Q
农,438.65,景萱,H星追梦
卓,424.906,竞尧,Ice
窦,423.132,靖岚,Ice 冰镇作业本杀手
褚,421.306,靖琪,IceDream
娄,417.827,靖瑶,Ice梦境
古,416.797,靖宇,IcyDragon
景,411.588,静涵,Ideal少年
宫,411,静姝,Idea星辰
戚,406.017,静萱,Ika
连,405.353,静瑶,I'm 摆烂仙人，勿扰
费,404.059,静怡,Indigo
党,403.648,隽逸,Ivy星辰
冷,395.166,珏,Jade
卜,394.038,均泽,JasmineDreamer
晏,393.599,开阳,Jing_
米,377.923,凯歌,Jinx
席,377.682,凯琳,Joey楽
柏,373.846,凯文,Joyful Voyager
卫,369.697,珂,Jump
宗,365.526,珂冉,J萌酷K
岑,358.479,珂萱,J影
佟,354.007,珂瑶,K.
边,352.777,珂玥,Kai
瞿,348.645,珂悦,KawaiiCupcake
麦,348.299,可卿,Kawaii小甜心
桂,341.829,可清,Kiss月光姬
沙,340.705,可欣,Kite飞行日记
臧,339.797,可雅,Kiwii
全,336.364,空青,KloudyFlower
闵,334.28,旷雪,Koffii🍒
普,332.269,昆逸,Kura_🌙
姬,332.128,昆玥,K吃瓜群众
和,330.589,琨琪,K酱
师,330.232,琨瑶,K起名困难户
苟,329.889,阔然,L
邬,329.656,兰芳,Lab菌
卞,329.247,兰君,Lemon小倒霉
应,328.971,兰诗,Liang了
桑,322.552,兰溪,Lìhè_月下繁
隋,322.227,兰歆,Lily✧Dream
栾,318.868,岚,LimitWave
仇,314.855,岚婷,Lin
商,311.773,岚曦,Lion'sQueen
刁,310.056,澜,Lore
简,308.281,澜峰,Loser全拼
荣,302.352,澜沫,Lost晨曦
寇,301.932,澜心,LuckyH
郎,293.741,朗,Lumière
丛,275.847,乐,Lumière_étoilée
仲,274.818,乐乐,Luminas
明,273.896,乐潼,Luna Isle
查,270.834,乐熙,Luna_琉璃梦境
巫,270.555,乐瑶,LunaJade
占,270.292,乐颖,LunarEcho
甄,269.259,蕾,LunaStar7
巩,265.744,蕾蕾,Luna'sデイ
虞,265.712,立言,Lynx
丘,261.294,丽华,L灵风L
佘,261.261,丽雅,Mäßchen
苑,258.263,莉,Miku酱的旋律
迟,256.935,林澜,Mimi
麻,253.973,林雨,Mīmí酱
池,252.148,琳,Mio
阎,250.373,琳琳,Misty雨巷
敖,247.764,琳萱,Mochi酱
封,243.499,琳依,Moonie7
鞠,240.504,琳月,Moonlit Kiss
谈,237.39,琳悦,Moon青Q
惠,235.905,凛若,Moshi
匡,235.019,灵韵,MOSS
官,230.995,铃,Mystic夏
荆,227.279,琉璇,M星漫游者
郁,225.483,柳音,Nanari
胥,224.636,璐瑶,Naruto
冀,222.765,洛琳,neko
乐,221.592,洛宁,Neon🌙
南,220.972,洛笙,Night
邝,212.02,洛言,night Apple
栗,210.594,洛瑶,NightFly
储,208.675,珞宁,Nightwhisper
原,207.89,珞瑶,Night泡芙
燕,207.825,曼,Niko
班,207.784,曼琳,Nyxcryst
楚,207.139,曼文,Nyxlyra
鄢,205.831,梅,N年单身
谌,186.364,美琦,N星辰大海冒险者
劳,182.253,美清,N夜
皮,180.865,萌,O.
蔺,179.709,梦,O.o呆
奚,179.698,梦琪,Oblivion
闻,173.276,梦诗,Ocean
粟,173.196,梦溪,Ocean淚
满,172.933,梦曦,Olivia
楼,172.378,梦雅,Oo
盘,170.331,梦瑶,Opal喵
海,163.831,茗,Ora青柠
伊,159.983,铭萱,Osezaki
位,157.314,陌尘,Otonashi
阚,156.172,墨,Outremer
冼,156.052,墨白,OwO
强,155.485,墨辰,P
仝,155.3,墨初,PandaG
索,155.027,墨岚,Pika琪琪
郜,154.345,墨苒,Piko
巴,154.243,墨笙,Pixie
花,153.561,墨雨,Qing心灵语
玉,152.083,墨竹,Qlassy✨
盖,150.092,沐宸,QuatreSaisons
帅,149.14,沐晴,Quber
凡,148.537,沐言,Queen星爱
屠,147.211,牧云,QuietNight
豆,146.272,慕白,Quirkē♪
权,146.046,慕雪,Q宠小星君
廉,146.037,娜瑶,Q萌星
阿,145.885,南澄,Rain
禹,145.13,南珂,RainB
丰,141.65,南熙,RainbowHouse
井,141.219,楠,Rainbow骑士
练,140.127,楠岚,Rainy星辰探险家
祖,140.112,楠溪,Rain影
朴,140.026,楠曦,Rei
平,139.629,楠星,Rem
漆,138.838,妮珂,Ri
国,138.357,妮可,RisingZephyr
支,136.925,妮诗,Rising星
狄,132.468,念,Ri恋的旋律
卿,131.306,念安,R酱
计,130.434,念慈,R萌新日记
晋,129.386,念晴,R小太阳的逆袭之旅
初,129.037,念薇,R星海H
相,128.509,宁,Saber
宣,128.391,宁宁,Saber在吃烤肉
门,125.936,宁溪,sᴀɪʟ
云,123.471,宁馨,Sakura_Chloe
敬,121.184,宁萱,SakuraDream
厉,120.656,宁瑶,Sakuraの黑化日记
区,119.213,宁音,Sakura慧
来,116.644,宁雨,SanD.Rain
浦,115.713,宁昭,Seraphim
戈,114.358,凝,Serendipity的鹿
芮,114.045,沛娟,Shadow
伏,112.788,沛然,Shine星辰
晁,112.599,沛珊,SilentFrost
雍,111.79,沛文,Silent温笙
都,111.719,沛雯,Softest Expanse
薄,110.404,沛妤,Sphinx
邸,109.761,佩文,Stardust_S
鹿,109.687,佩瑶,StarRiver
母,107.36,鹏心,Stellar_Sol
修,107.199,品蕙,Sun
亓,106.125,品如,Sun星
岩,105.609,品萱,Sun追光者
容,105.495,平宸,Super喵喵大作战
赫,105.433,平澜,Sweet梦回Moon
阙,104.83,平墨,Sωeet°
羊,104.183,萍,S码老六
辜,102.206,泊然,S小风
裘,101.549,齐飞,S星
杭,100.506,骐钰,Takuyaの社死现场
宿,98.136,琪,TidalTwilight
鲜,98.026,琪涵,Tide
况,97.444,琪娜,Titania_梦语者
印,96.295,琪文,Tower
逯,95.441,琪雯,Tranquil
战,93.889,琪萱,Tranquil Twilight_✨
隆,93.73,琪瑶,TranquilTide
邰,93.122,琪悦,TreeK
诸,91.255,琦,Tree梦想家
慕,90.594,琦朗,Tree上种个笑话
茹,90.409,琦文,Tree星
达,89.067,琦雅,TributeTiger
银,88.105,琦悦,Tsubasa追光
嵇,87.435,启明,Tuna
亢,86.841,启然,T星河旅人
那,85.646,启哲,Ultraviolet_Sakura
危,85.505,绮梦,Unicorn_梦语
刀,84.683,千帆,Unicorn星
公,81.956,千凡,Utopia小甜心
才,81.291,千樱,UU
字,80.204,千羽,U酱
湛,79.257,芊,VelvetEden
戎,78.961,芊寻,V̸̺͂o̶̲̾i̷̢̓d̵̤̈
宾,78.522,芊雅,void-迷子
萧,78.436,芊羽,Waka
茅,77.739,谦之,Wander星辰
居,77.489,骞逸,Wen
於,77.077,倩倩,WiFi侠
勾,76.556,倩柔,Wing
干,75.212,巧,Witch魔女
小,74.614,巧然,Wraith
尉,74.312,巧艺,W夜未央
揭,74.023,芹,X
但,73.703,琴,Xanadu的樱花雨巷
扎,72.68,沁文,Xanthic梦蝶
衣,72.659,沁雪,Xenial
布,72.32,青,Xiaoxiao与风铃的私语
束,71.679,青瓷,Xiaoyuer
信,71.186,青云,Xoana_Glow
展,70.639,倾羽,Xx_♀
昝,70.621,清雅,Xylia
元,70.335,清漪,Y
利,69.186,晴,Y2K霓虹
阴,69.184,晴岚,Yippy
智,68.05,晴萱,Yolo
呼,67.548,然,Yoru
富,67.266,冉姝,Yuki
衡,66.721,娆,Yume之鹅
檀,66.413,蓉,Y星Z影
保,66.213,柔,Zebra的猫
拉,64.894,如梦,Zenith幻境
由,64.146,蕊,Zenith星矢
奉,64.06,蕊初,ZERO
习,63.203,蕊涵,ZeroCool
幸,63.143,蕊思,ZingyMuse
腾,63.008,芮安,Zzz
户,62.753,瑞,Zzz的补丁
荀,62.636,瑞涵,Z世代の咸鱼
植,62.47,瑞文,Z世代战神
闭,61.799,瑞萱,Z影侠
尧,61.736,睿彬,α_α
渠,61.493,睿辰,Δ
钮,60.452,睿妍,εїз糖霜
哈,60.381,睿颖,ιииєяℓιgнт
虎,59.954,润桐,π
巨,59.716,若初,π的3.1415
贡,59.278,若兰,π的无限不循环
雒,58.943,若诗,Тайная ночь07
青,58.554,若兮,アイリス
冶,58.252,若汐,ヴェールの影
郗,58.109,若溪,オレンジの梦
逄,56.884,若曦,キラキラ星
蹇,56.694,若萱,ぐるみ
旷,56.689,若瑶,メイ
昌,55.591,若瑜,ラグナロクの剣士
弓,55.503,若云,একটি মেয়ে যে সূর্যকে ভালোবাসে
操,54.786,飒,ฅ^•ﻌ•^ฅ
铁,54.531,飒宁,ᏔᎨᏁᏖᎬᏒ ᑫᏬᎨᏋᏖᏝᎩ ᏝᎧᏉᎬ ᎩᎧᏬ
鄂,54.036,桑羽,ᥫᩣ& 玄学吃瓜人 (๑¯◡¯๑)
税,53.804,森澜,𓆩虚妄𓆪
年,53.788,珊,𝐼rι𝓈_𝓇𝑜𝓈𝑒
扈,53.652,珊媛,𝒞𝓇𝑒𝓅𝓊𝓈𝒸𝓊𝓁𝒶𝓇·𝓃𝑜𝓋𝒶
谯,53.415,韶予,𝓒𝓻𝔂𝓼𝓽𝓪𝓵 𝓱𝓮𝓪𝓻𝓽 𝓻𝓪𝓲𝓷
庹,52.527,绍谦,𝓩
上官,52.088,沈云,𝔐𝔶 𝔇𝔞𝔯𝔨 𝔖𝔢𝔠𝔯𝔢𝔱：𝔗𝔥𝔢 𝔊𝔦𝔯𝔩 𝔚𝔥𝔬 𝔘𝔰𝔢𝔡 𝔱𝔬 𝔅𝔢 ℌ𝔢𝔯 𝔅𝔢𝔰𝔱 ℱ𝔯𝔦𝔢𝔫𝔡
矫,51.918,诗涵,𝕞𝕚𝕩𝕥𝕖𝕕𝕞𝕖𝕞𝕠𝕣𝕪
娜,51.51,诗兰,𝕱𝖆𝖙𝖊
竺,50.538,诗雅,𝙵𝚎𝚕𝚒𝚡*猫头鹰*
木,50.362,诗雨,🌊咸鱼の叛逆期
未,50.188,书瑶,🍎
步,50.075,姝语,💕季风与她的猫💕
靖,49.685,淑雅,🔥
,,舒朗,🗝️谜
,,舒然,🦋🐟🔮
,,舒语,阿巴阿巴
,,舒云,阿花爱樱花a
,,舜源,阿卡冒险家
,,朔言,阿空Jump
,,思涵,阿拉丁神灯A
,,思齐,阿狸的草莓R
,,思琪,阿宅
,,思雅,阿紫星
,,思雨,艾可
,,思语,艾莉
,,思远,爱
,,思玥,爱摆烂
,,思云,爱吃布丁的喵
,,颂平,爱吃糖果R
,,棠伊,爱吃小甜派
,,涛,爱画几颗橘
,,桃染,爱睡觉的咕咕G
,,陶,爱探险的奇想少年与小猫
,,陶然,爱笑的SunnyG
,,天乐,爱意弥漫A
,,天宁,爱做梦的猫
,,天琪,瑷兰
,,天晴,安安静静A
,,天诗,安可
,,天舒,安琪的小A
,,天薇,闇に溶ける存在者
,,天瑶,暗刃丶修罗
,,天怡,暗夜S
,,天逸,暗夜骑士的猫步🐱✨
,,天宇,暗影猎手_Sylva
,,天悦,黯夜游侠
,,天紫,白露未晞
,,恬,白兔追Z
,,庭安,百灵Z
,,婷,百夜星辰
,,婷华,百之永恒
,,婷兰,摆烂の云朵☁️
,,婷然,板砖敲黑板の课代表
,,婷薇,半城烟沙掩浮华
,,婷文,半颗糖的甜
,,婷雯,半糖汽水妹
,,婷雅,半糖主义
,,婷雨,薄荷Duke
,,彤,薄荷味的汽水瓶
,,彤彤,薄雾倾城
,,彤雯,宝可梦
,,彤萱,抱抱软i
,,彤瑶,暴击软糖
,,彤羽,暴走猫
,,桐,北辰追光者
,,桐瑶,北冥有鲲
,,桐宇,贝贝爱
,,桐语,贝贝花Q
,,桐悦,贝贝兔果
,,宛清,笔记本里的诗
,,宛彤,碧
,,晚茵,碧海潮
,,婉儿,碧雪曲
,,婉清,边缘Elegy
,,婉晴,缤
,,婉如,冰糕甜心鸽
,,婉婷,冰淇淋不吃
,,婉彤,冰糖果Q
,,婉萱,冰镇D
,,望月,冰镇甜筒
,,微,病娇诗
,,微语,博览群书の猫
,,薇,啵啵的猫窝
,,薇音,布丁Kitty
,,韦澜,布丁兔Q
,,韦伦,布丁小爱
,,惟忱,布丁鱼C
,,维珩,布朗宁.
,,维夏,布偶猫咪酱G
,,伟柔,彩虹泡泡
,,伟彤,操场追风者
,,卫然,草履虫暴打律者
,,蔚潼,草莓兔
,,文,草莓味の季风
,,文静,草莓味的糖
,,文清,茶汐Twilight
,,文汐,辰
,,文萱,沉默の独白者
,,文雅,沉汐.
,,文怡,晨光微醺
,,晞,晨光小Coco
,,曦岚,晨露
,,曦玥,晨起第一簇光
,,夏,晨曦微光
,,晓雨,橙风
,,晓月,橙香星芒S
,,晓玥,橙子泡泡
,,晓悦,橙子味的Rain
,,筱,吃瓜猹
,,心怡,吃瓜群众
,,心玥,吃瓜天后
,,欣雅,吃柠檬の甜妹
,,欣怡,抽卡歪到哭唧唧
,,欣玉,初雪暖光
,,馨予,初雪苹果E
,,珝格,初音ミク
,,栩,春风轻语
,,栩然,春卷
,,旭峰,春眠不觉欧
,,煦尧,春日奶茶
,,璇,春日暖阳Sun
,,雪婷,春野樱小路
,,雪瑶,春之微
,,雪悠,大草莓花
,,雅涵,大耳朵兔R
,,雅琳,大梦草莓N
,,雅琪,大心家
,,雅琴,大冤
,,雅婷,大只福
,,雅文,呆萌小兔Z
,,雅萱,代号M
,,琰昀,待补全的空白
,,尧,黛星星M
,,衣,蛋糕甜S
,,怡萱,蛋糕味
,,宜澜,等风归
,,亦凡,第四堵墙
,,亦轩,弔
,,颖,蝶舞风F
,,颖诗,叮当兔T
,,影舟,叮咚小云
,,瑜,咚咚甜橙C
,,宇澜,豆沙包子R
,,宇欣,嘟嘟花漾M
,,宇轩,嘟嘟鱼
,,羽辰,嘟小果O
,,雨晴,嘟嘴布丁Z
,,雨婷,嘟嘴球球
,,雨欣,独行侠H
,,雨萱,朵儿小仙女
,,语嫣,朵拉小睡S
,,昱澜,堕ちた天使の彼方
,,昱琪,鹅宝儿A
,,苑,鹅儿软
,,悦涵,鹅梨甜c
,,悦彤,儿时のPuppy
,,悦兮,儿时绿野G
,,悦萱,儿行千里R
,,云晖,耳语鹿
,,云澜,繁star観測者
,,云墨,繁星
,,芸,繁星之Z
,,昀,飞
,,昀诗,飞驰的Panda
,,韵诗,飞天兔
,,泽宸,飞鱼
,,泽琳,飞云逐月Z
,,泽明,绯
,,泽文,肥宅快乐鱼
,,泽萱,风の声
,,泽雅,风见幽香
,,泽宇,风居住的街道
,,泽雨,风铃
,,展曦,风眠
,,昭,风吟B
,,昭歆,风吟夜未央
,,昭旸,风吟者
,,昭颖,风之海
,,昭月,风之翼舞动青春
,,真,枫林Pilot
,,蓁,枫糖啵
,,振宇,枫糖卷
,,峥瑞,風*
,,之昂,風隼
,,之若,風吟者
,,芷,風與雲的絮語
,,芷涵,風語り者
,,芷澜,芙芙今天也很闲
,,芷琪,蜉
,,芷清,缚心者
,,芷晴,高乐高
,,芷柔,高冷的云
,,芷萱,公式女
,,芷瑶,孤影
,,芷宜,谷雨
,,沚,光影之隙的微凉
,,志强,哈酱
,,舟,海风
,,竹雅,海蓝星G
,,竹言,海豚在跳舞L
,,竹音,好酷儿
,,竹雨,好想喝奶茶
,,灼雯,皓月千里梦飞翔
,,卓,鹤
,,卓然,呼～我好爱这冷门角色
,,姿,蝴蝶梦漫游未尽
,,姿君,花火Y
,,姿瑶,花间梦G
,,子涵,花阳
,,子衿,花语Oreo
,,子墨,幻翎雪狐
,,子宁,幻影旋律L
,,子琪,幻影之歌
,,子晴,荒诞⃖
,,子轩,绘梦人
,,子萱,混沌
,,子璇,混世魔王
,,子瑶,混音器
,,子音,混元体
,,子悦,霍小希
,,梓涵,机械#∞幽灵
,,梓弘,機械仕掛けのエリス
,,梓峻,极光之A
,,梓骞,寂·器
,,梓晓,霁月
,,梓萱,桀骜的风
,,梓璇,今天天气不错☀️要出门散步吗
,,梓言,金发笨蛋&战术人形
,,梓瑶,烬
,,梓玥,鲸落海
,,紫涵,静夜
,,紫琳,酒醒三更·笙歌散
,,紫萱,就离谱
,,紫妍,局外人.
,,紫鸢,橘子味砂糖
,,,绝尘F
,,,菌男
,,,咖啡☕️和猫🐱的下午时光
,,,卡洛斯
,,,柯基的咖啡店
,,,课间十分钟偷吃泡面
,,,空谷邃音
,,,酷酷的凯
,,,狂三の黑猫执事
,,,岚风E
,,,岚星A
,,,蓝羽星W
,,,乐途追风
,,,乐弦·夜雨声烦
,,,乐悠悠小岛
,,,历史临界点
,,,凉风
,,,量子幽灵
,,,磷桦妪冰栊冽
,,,麟
,,,凛
,,,凛冬
,,,灵Wo
,,,灵悦A
,,,凌乱的代码碎片
,,,凌月E
,,,凌云之雀
,,,绫波零
,,,零
,,,零∅
,,,零·カイエン
,,,零度幻象
,,,零渡
,,,零崎夜
,,,鈴音
,,,流光星夜
,,,流年H
,,,流星夜W
,,,龙骑Q
,,,鹿Noa
,,,鹿眠
,,,鹿鸣L
,,,鹿目·小圆
,,,萝莉控但怂
,,,洛天依的钢琴师
,,,脉冲⚡无极
,,,漫游云端T
,,,猫の葬礼
,,,猫耳少年与月光共舞
,,,猫腻i
,,,猫小Y
,,,美月樱A
,,,萌
,,,萌大家
,,,萌欧小欧
,,,梦蝶F
,,,梦蝶StarS
,,,梦镜
,,,梦琦
,,,梦舞秋Q
,,,梦夏
,,,梦想追逐Z
,,,梦醒时分
,,,梦月MengY
,,,梦之翼
,,,迷码人
,,,弭
,,,喵呜酱
,,,喵星人
,,,溟
,,,摸鱼仙人
,,,莫比乌斯环🌌
,,,漠
,,,墨染M
,,,墨染青丘
,,,墨染青衣
,,,墨色星辰下的梦想家
,,,墨羽
,,,墨羽Souls
,,,墨羽Y
,,,木棉
,,,沐风F
,,,暮光M
,,,暮色残阳
,,,暮色深处的低语
,,,奶茶是光合作用
,,,奶茶微醺L
,,,奈奈
,,,南风F
,,,南风知我意丶
,,,南巷的风
,,,喃语
,,,霓虹碎片
,,,逆飞
,,,逆风P
,,,逆光の鹿
,,,逆光而行W
,,,逆光星辰
,,,匿
,,,匿⃠名⃠
,,,匿名の星空告白
,,,匿名信箱?谁在偷看
,,,年少的爱
,,,柠檬气泡
,,,凝霜C
,,,暖阳下的W
,,,暖阳夏A
,,,女娲补Bug
,,,欧oL
,,,欧皇
,,,欧若拉梦
,,,鸥影长存C
,,,派蒙丶应急食品
,,,泡泡舞者J
,,,怦然
,,,皮卡G
,,,皮卡丘
,,,平子
,,,奇Zoe
,,,奇思妙想G
,,,琪露诺
,,,千寻喵
,,,浅笑安然
,,,琴棋书
,,,青花瓷G
,,,青椒炒肉不加肉
,,,青空のTree
,,,青空下の无名骑士团
,,,青梅终局C
,,,青丘
,,,青涩果
,,,轻唱Lion
,,,清泉
,,,秋风sama殿
,,,秋千悠悠
,,,燃少年
,,,冉冉星河H
,,,热风少年
,,,热情Z
,,,绒绒R
,,,若冰B
,,,塞巴斯酱
,,,赛博女菩萨
,,,赛博仙君
,,,森罗
,,,山间白云
,,,山猫
,,,闪亮星河H
,,,闪烁星空Z
,,,閃
,,,熵增∞
,,,熵增客
,,,深海孤舟
,,,深海鲸落
,,,深海里的星星
,,,深海幽月
,,,深巷喵喵
,,,深夜诗人H
,,,深渊☆回响
,,,深渊观测者ξ
,,,深渊回响
,,,深渊中的古神语
,,,深淵之眼
,,,时崎·𝓢𝓲𝓵𝓮𝓷𝓽𝓫𝓮𝓪𝓶
,,,蝕む.exe
,,,手机电量🔋又红了😅
,,,数据迷途猫
,,,数学课代表
,,,双面刃
,,,霜降
,,,睡不醒
,,,送一血
,,,他不懂我写的诗里藏了你的名字
,,,她总说我的真心话藏在风里🌪️
,,,糖分超标中
,,,糖果儿
,,,天
,,,天狼
,,,天马行空E
,,,天行K
,,,天选小栗
,,,天翼Ace
,,,甜草莓
,,,甜心Cute酱
,,,甜心啵啵
,,,桐人
,,,偷走月亮的汤姆猫
,,,图书馆の幽灵
,,,图书馆的月亮不睡
,,,晚安
,,,晚风与飞行棋
,,,晚汐
,,,微光之Z
,,,未被证明的定理.
,,,未解之谜
,,,未名湖的鱼
,,,未央
,,,温澜潮生-落笔即沧桑
,,,我喜欢🌙的温柔，但更爱🔥的炽热
,,,雾岛听风
,,,雾散
,,,雾散人未还，轻舟已过
,,,雾凇凌
,,,雾隐星辰
,,,夕凪
,,,希
,,,下课铃声解药
,,,夏目
,,,夏日Ange
,,,夏汐Wind
,,,夏小汐
,,,夏雪
,,,想你
,,,小E跳跳J
,,,小萌
,,,小薇安
,,,小汐
,,,小夜
,,,小圆别跑！
,,,小云
,,,心
,,,心跳的节拍🌸
,,,昕
,,,星
,,,星Dog
,,,星Snowflake
,,,星とWitch
,,,星尘
,,,星尘の旅人·僕は夢をみてる
,,,星尘旅者
,,,星尘下的孤旅人
,,,星辰.
,,,星塵のBreeze
,,,星轨浮游
,,,星轨如瓷
,,,星河Alisha
,,,星河Y
,,,星河漫步者
,,,星河漫游者
,,,星空IN
,,,星空下的★露娜☆
,,,星空夜
,,,星璃夢
,,,星梦Emerald
,,,星梦Night
,,,星夢F
,,,星穹
,,,星穹♪露娜
,,,星穹猎手
,,,星瞳
,,,星夏
,,,星屑
,,,星屑℡
,,,星璇
,,,星野·萌え
,,,星野Dawn
,,,星野悠
,,,星夜Aurora
,,,星夜Z
,,,星语者
,,,星愿✨
,,,岫
,,,虚空の旅人
,,,虚空之瞳
,,,虚无の梦
,,,虚渊
,,,血色ヴェールの影
,,,哑巴
,,,魇影
,,,阳光库K
,,,阳光少年R
,,,瑶
,,,叶泠妧烟
,,,叶子晚宁
,,,夜风中的Angel
,,,夜风中的低语
,,,夜未央°
,,,夜行性思考
,,,夜鸦
,,,夜樱
,,,夜游神
,,,夜雨独行者的低语
,,,一隅
,,,伊
,,,伊洛
,,,伊漠
,,,伊奈
,,,伊邪那美の摸鱼卷王
,,,银河补习班.
,,,银河补习班の逃课生
,,,银河猫男
,,,银羽
,,,桜色の風·キミとゆく
,,,樱花雨夜Y
,,,樱花雨中的阿波罗梦想家
,,,影
,,,拥抱
,,,优
,,,有啊
,,,有心少年
,,,隅
,,,宇智波·狗带君
,,,雨宫遥
,,,雨后Akihito
,,,雨落
,,,雨落星辰
,,,雨末长金殿
,,,雨夜Rain
,,,聿
,,,渊
,,,原神启动喵
,,,约克夏漫步
,,,月读绫
,,,月読
,,,月光_404Error✨
,,,月光Aki
,,,月光Alice
,,,月光Celine
,,,月光Dream
,,,月光Y翼
,,,月光猎人
,,,月光绮梦
,,,月光糖
,,,月光下的承诺
,,,月光下的旅行诗人
,,,月光织梦的少女
,,,月亮不营业
,,,月球Fairy
,,,月蚀之影
,,,月下の猫·ミミ✦
,,,月下打盹猫
,,,月下蝶
,,,月下独酌
,,,月影Eagle
,,,月影喵
,,,月詠
,,,月詠み
,,,月詠桜
,,,云
,,,云端豆香作岛屿晴雨谜诗
,,,云儿
,,,云海King
,,,云上蝶儿
,,,云深不知处
,,,云小
,,,云隐Wind
,,,云中月R
,,,雲岫映霞
,,,韵
,,,粘人精
,,,纸飞机C
,,,竹间Z
,,,竹影Z
,,,逐光者
,,,烛阴
,,,追风
,,,追风的蒲公英
,,,追风少年
,,,追梦L
,,,紫
,,,紫蝶轻舞Z
,,,自习室幽灵
,,,阝
,,,佐助
,,,作業の案内者
